Workbook

Sheet report
A1: Fecha | B1: BIMBOA | D1: CEMEX | F1: FEMSA | H1: GRUPO AEROPORTUARIO | J1: BANORTE | L1: GRUMA | N1: HERDEZ | P1: KIMBERLY CLARK | R1: PEÑOLES | T1: WALMART | V1: IPC | W1: Portafolio1 | X1: Proporción1 | Y1: Proporción2 | Z1: Portafolio2 | AA1: Proporción1 | AB1: Proporción2 | AC1: Proporción3
A2: 38776.041 | B2: 9.28 | D2: 22.8 | F2: 18.333333 | H2: 24.199212 | J2: 25.61 | L2: 33.23 | N2: 7.85 | P2: 10.794331 | R2: 66.77 | T2: 14.99 | U2: =+T2/T1-1 -> #VALUE! | V2: 56739.898 | X2: 0.5 | Y2: 0.5 | AA2: 0.4609 | AB2: 0.2343 | AC2: 0.3047
A3: 38807.041 | B3: 8.93 | C3: =+B3/B2-1 -> -0.037715517 | D3: 24.91 | E3: =+D3/D2-1 -> 0.09254386 | F3: 15.666667 | G3: =+F3/F2-1 -> -0.14545451 | H3: 28.002751 | I3: =+H3/H2-1 -> 0.15717615 | J3: 25.89 | K3: =+J3/J2-1 -> 0.010933229 | L3: 31.76 | M3: =+L3/L2-1 -> -0.044237135 | N3: 8.41 | O3: =+N3/N2-1 -> 0.07133758 | P3: 11.228396 | Q3: =+P3/P2-1 -> 0.040212311 | R3: 85.81 | S3: =+R3/R2-1 -> 0.28515801 | T3: 14.38 | U3: =+T3/T2-1 -> -0.040693796 | V3: 56593.648 | W3: =S3*$X$2+U3*$Y$2 -> 0.1222321 | Z3: =SUM(AA3:AC3) -> 0.03967581 | AA3: =$AA$2*E3 -> 0.042653465 | AB3: =$AB$2*Q3 -> 0.0094217446 | AC3: =$AC$2*U3 -> -0.0123994
A4: 38835.041 | B4: 8.65 | C4: =+B4/B3-1 -> -0.031354983 | D4: 26.28 | E4: =+D4/D3-1 -> 0.054997993 | F4: 17.003333 | G4: =+F4/F3-1 -> 0.085319105 | H4: 29.582187 | I4: =+H4/H3-1 -> 0.056402887 | J4: 28.9 | K4: =+J4/J3-1 -> 0.1162611 | L4: 34.24 | M4: =+L4/L3-1 -> 0.078085642 | N4: 9.6 | O4: =+N4/N3-1 -> 0.14149822 | P4: 11.77399 | Q4: =+P4/P3-1 -> 0.048590556 | R4: 99.92 | S4: =+R4/R3-1 -> 0.16443305 | T4: 15.775 | U4: =+T4/T3-1 -> 0.097009736 | V4: 56362.672 | W4: =S4*$X$2+U4*$Y$2 -> 0.13072139 | Z4: =SUM(AA4:AC4) -> 0.066292209 | AA4: =$AA$2*E4 -> 0.025348575 | AB4: =$AB$2*Q4 -> 0.011384767 | AC4: =$AC$2*U4 -> 0.029558866
A5: 38868.041 | B5: 8.25 | C5: =+B5/B4-1 -> -0.046242775 | D5: 22.67 | E5: =+D5/D4-1 -> -0.13736682 | F5: 17.05 | G5: =+F5/F4-1 -> 0.0027445795 | H5: 31.14556 | I5: =+H5/H4-1 -> 0.052848459 | J5: 26.86 | K5: =+J5/J4-1 -> -0.070588235 | L5: 27.85 | M5: =+L5/L4-1 -> -0.18662383 | N5: 9.3 | O5: =+N5/N4-1 -> -0.03125 | P5: 11.566001 | Q5: =+P5/P4-1 -> -0.017665125 | R5: 76.28 | S5: =+R5/R4-1 -> -0.23658927 | T5: 14.82 | U5: =+T5/T4-1 -> -0.060538827 | V5: 56482.91 | W5: =S5*$X$2+U5*$Y$2 -> -0.14856405 | Z5: =SUM(AA5:AC5) -> -0.085897486 | AA5: =$AA$2*E5 -> -0.063312367 | AB5: =$AB$2*Q5 -> -0.0041389387 | AC5: =$AC$2*U5 -> -0.018446181
A6: 38898.041 | B6: 8.43 | C6: =+B6/B5-1 -> 0.021818182 | D6: 22.8 | E6: =+D6/D5-1 -> 0.0057344508 | F6: 20.3 | G6: =+F6/F5-1 -> 0.19061584 | H6: 30.479523 | I6: =+H6/H5-1 -> -0.021384653 | J6: 26.25 | K6: =+J6/J5-1 -> -0.02271035 | L6: 30.45 | M6: =+L6/L5-1 -> 0.093357271 | N6: 9.17 | O6: =+N6/N5-1 -> -0.013978495 | P6: 10.830503 | Q6: =+P6/P5-1 -> -0.063591383 | R6: 72.98 | S6: =+R6/R5-1 -> -0.043261668 | T6: 15.59 | U6: =+T6/T5-1 -> 0.051956815 | V6: 56503.039 | W6: =S6*$X$2+U6*$Y$2 -> 0.0043475738 | Z6: =SUM(AA6:AC6) -> 0.0035747889 | AA6: =$AA$2*E6 -> 0.0026430084 | AB6: =$AB$2*Q6 -> -0.014899461 | AC6: =$AC$2*U6 -> 0.015831242
A7: 38929.041 | B7: 8.76 | C7: =+B7/B6-1 -> 0.039145907 | D7: 21.78 | E7: =+D7/D6-1 -> -0.044736842 | F7: 21.366667 | G7: =+F7/F6-1 -> 0.052545172 | H7: 27.132686 | I7: =+H7/H6-1 -> -0.10980608 | J7: 30.12 | K7: =+J7/J6-1 -> 0.14742857 | L7: 32.57 | M7: =+L7/L6-1 -> 0.069622332 | N7: 7.91 | O7: =+N7/N6-1 -> -0.13740458 | P7: 12.563746 | Q7: =+P7/P6-1 -> 0.16003347 | R7: 87.85 | S7: =+R7/R6-1 -> 0.20375445 | T7: 16.96 | U7: =+T7/T6-1 -> 0.087876844 | V7: 56714.922 | W7: =S7*$X$2+U7*$Y$2 -> 0.14581565 | Z7: =SUM(AA7:AC7) -> 0.043652706 | AA7: =$AA$2*E7 -> -0.020619211 | AB7: =$AB$2*Q7 -> 0.037495843 | AC7: =$AC$2*U7 -> 0.026776074
A8: 38960.041 | B8: 8.9775 | C8: =+B8/B7-1 -> 0.024828767 | D8: 22.1 | E8: =+D8/D7-1 -> 0.014692378 | F8: 24.08 | G8: =+F8/F7-1 -> 0.12698906 | H8: 30.754263 | I8: =+H8/H7-1 -> 0.13347654 | J8: 32 | K8: =+J8/J7-1 -> 0.062416999 | L8: 32.53 | M8: =+L8/L7-1 -> -0.001228124 | N8: 7.7 | O8: =+N8/N7-1 -> -0.026548673 | P8: 12.391929 | Q8: =+P8/P7-1 -> -0.013675619 | R8: 92.83 | S8: =+R8/R7-1 -> 0.056687536 | T8: 18.67 | U8: =+T8/T7-1 -> 0.10082547 | V8: 56273.449 | W8: =S8*$X$2+U8*$Y$2 -> 0.078756504 | Z8: =SUM(AA8:AC8) -> 0.034289041 | AA8: =$AA$2*E8 -> 0.0067717172 | AB8: =$AB$2*Q8 -> -0.0032041975 | AC8: =$AC$2*U8 -> 0.030721521
A9: 38989.041 | B9: 9.6275 | C9: =+B9/B8-1 -> 0.07240323 | D9: 23.29 | E9: =+D9/D8-1 -> 0.053846154 | F9: 23.333333 | G9: =+F9/F8-1 -> -0.031007766 | H9: 31.270442 | I9: =+H9/H8-1 -> 0.016783982 | J9: 34.66 | K9: =+J9/J8-1 -> 0.083125 | L9: 33.19 | M9: =+L9/L8-1 -> 0.020288964 | N9: 7.9 | O9: =+N9/N8-1 -> 0.025974026 | P9: 13.335415 | Q9: =+P9/P8-1 -> 0.076137137 | R9: 85.15 | S9: =+R9/R8-1 -> -0.082731875 | T9: 18.7 | U9: =+T9/T8-1 -> 0.0016068559 | V9: 55841.301 | W9: =S9*$X$2+U9*$Y$2 -> -0.04056251 | Z9: =SUM(AA9:AC9) -> 0.043146233 | AA9: =$AA$2*E9 -> 0.024817692 | AB9: =$AB$2*Q9 -> 0.017838931 | AC9: =$AC$2*U9 -> 0.000489609
A10: 39021.041 | B10: 10.7675 | C10: =+B10/B9-1 -> 0.1184108 | D10: 23.29 | E10: =+D10/D9-1 -> 0 | F10: 21.666667 | G10: =+F10/F9-1 -> -0.071428544 | H10: 33.818034 | I10: =+H10/H9-1 -> 0.081469651 | J10: 38.74 | K10: =+J10/J9-1 -> 0.11771495 | L10: 34.85 | M10: =+L10/L9-1 -> 0.050015065 | N10: 8.3 | O10: =+N10/N9-1 -> 0.050632911 | P10: 13.56149 | Q10: =+P10/P9-1 -> 0.016952978 | R10: 88.98 | S10: =+R10/R9-1 -> 0.044979448 | T10: 18.73 | U10: =+T10/T9-1 -> 0.0016042781 | V10: 55517.809 | W10: =S10*$X$2+U10*$Y$2 -> 0.023291863 | Z10: =SUM(AA10:AC10) -> 0.0044609063 | AA10: =$AA$2*E10 -> 0 | AB10: =$AB$2*Q10 -> 0.0039720828 | AC10: =$AC$2*U10 -> 0.00048882353
A11: 39051.041 | B11: 11.26 | C11: =+B11/B10-1 -> 0.045739494 | D11: 25.2 | E11: =+D11/D10-1 -> 0.082009446 | F11: 24.3 | G11: =+F11/F10-1 -> 0.12153844 | H11: 36.049258 | I11: =+H11/H10-1 -> 0.065977342 | J11: 40.97 | K11: =+J11/J10-1 -> 0.057563242 | L11: 36.95 | M11: =+L11/L10-1 -> 0.06025825 | N11: 9.4 | O11: =+N11/N10-1 -> 0.13253012 | P11: 13.757422 | Q11: =+P11/P10-1 -> 0.014447675 | R11: 97.91 | S11: =+R11/R10-1 -> 0.10035963 | T11: 20.53 | U11: =+T11/T10-1 -> 0.096102509 | V11: 56478.898 | W11: =S11*$X$2+U11*$Y$2 -> 0.09823107 | Z11: =SUM(AA11:AC11) -> 0.070465679 | AA11: =$AA$2*E11 -> 0.037798154 | AB11: =$AB$2*Q11 -> 0.0033850903 | AC11: =$AC$2*U11 -> 0.029282435
A12: 39080.041 | B12: 13.5 | C12: =+B12/B11-1 -> 0.19893428 | D12: 25.72 | E12: =+D12/D11-1 -> 0.020634921 | F12: 28.333333 | G12: =+F12/F11-1 -> 0.16598078 | H12: 35.291641 | I12: =+H12/H11-1 -> -0.021016161 | J12: 42.25 | K12: =+J12/J11-1 -> 0.031242372 | L12: 38.87 | M12: =+L12/L11-1 -> 0.051962111 | N12: 10.3 | O12: =+N12/N11-1 -> 0.095744681 | P12: 14.975213 | Q12: =+P12/P11-1 -> 0.088518837 | R12: 99.1 | S12: =+R12/R11-1 -> 0.012154019 | T12: 23.78 | U12: =+T12/T11-1 -> 0.15830492 | V12: 57035.898 | W12: =S12*$X$2+U12*$Y$2 -> 0.085229469 | Z12: =SUM(AA12:AC12) -> 0.078486108 | AA12: =$AA$2*E12 -> 0.0095106349 | AB12: =$AB$2*Q12 -> 0.020739964 | AC12: =$AC$2*U12 -> 0.048235509
A13: 39113.041 | B13: 13.775 | C13: =+B13/B12-1 -> 0.02037037 | D13: 27.35 | E13: =+D13/D12-1 -> 0.063374806 | F13: 30 | G13: =+F13/F12-1 -> 0.058823542 | H13: 37.323054 | I13: =+H13/H12-1 -> 0.057560741 | J13: 43.77 | K13: =+J13/J12-1 -> 0.035976331 | L13: 32.87 | M13: =+L13/L12-1 -> -0.15436069 | N13: 10 | O13: =+N13/N12-1 -> -0.029126214 | P13: 14.26383 | Q13: =+P13/P12-1 -> -0.047504032 | R13: 104.56 | S13: =+R13/R12-1 -> 0.055095863 | T13: 24.41 | U13: =+T13/T12-1 -> 0.026492851 | V13: 57323.141 | W13: =S13*$X$2+U13*$Y$2 -> 0.040794357 | Z13: =SUM(AA13:AC13) -> 0.026151625 | AA13: =$AA$2*E13 -> 0.029209448 | AB13: =$AB$2*Q13 -> -0.011130195 | AC13: =$AC$2*U13 -> 0.0080723717
A14: 39141.041 | B14: 12.9675 | C14: =+B14/B13-1 -> -0.05862069 | D14: 26.77 | E14: =+D14/D13-1 -> -0.021206581 | F14: 31 | G14: =+F14/F13-1 -> 0.033333333 | H14: 38.563548 | I14: =+H14/H13-1 -> 0.033236669 | J14: 43.61 | K14: =+J14/J13-1 -> -0.0036554718 | L14: 34.82 | M14: =+L14/L13-1 -> 0.059324612 | N14: 11.4 | O14: =+N14/N13-1 -> 0.14 | P14: 14.113114 | Q14: =+P14/P13-1 -> -0.010566307 | R14: 108.55 | S14: =+R14/R13-1 -> 0.038159908 | T14: 21.58 | U14: =+T14/T13-1 -> -0.11593609 | V14: 57083.559 | W14: =S14*$X$2+U14*$Y$2 -> -0.038888092 | Z14: =SUM(AA14:AC14) -> -0.047575526 | AA14: =$AA$2*E14 -> -0.0097741133 | AB14: =$AB$2*Q14 -> -0.0024756856 | AC14: =$AC$2*U14 -> -0.035325727
... A246: 46203.041 | B246: 57.15 | C246: =+B246/B245-1 -> -0.042553191 | D246: 21 | E246: =+D246/D245-1 -> -0.080157687 | F246: 166 | G246: =+F246/F245-1 -> 0 | H246: 442.26 | I246: =+H246/H245-1 -> 0.083121082 | J246: 184.57 | K246: =+J246/J245-1 -> 0.020908236 | L246: 280.94 | M246: =+L246/L245-1 -> -0.033773559 | N246: 57.09 | O246: =+N246/N245-1 -> -0.051345962 | P246: 38.73 | Q246: =+P246/P245-1 -> 0.00859375 | R246: 764.28 | S246: =+R246/R245-1 -> -0.24202634 | T246: 51.37 | U246: =+T246/T245-1 -> -0.019656489 | V246: 67466.461 | W246: =S246*$X$2+U246*$Y$2 -> -0.13084141 | Z246: =SUM(AA246:AC246) -> -0.040920494 | AA246: =$AA$2*E246 -> -0.036944678 | AB246: =$AB$2*Q246 -> 0.0020135156 | AC246: =$AC$2*U246 -> -0.0059893321
A247: 46209.041 | B247: 57.04 | D247: 21.41 | F247: 167 | H247: 441.9 | J247: 188.41 | L247: 283.23 | N247: 55.71 | P247: 39.21 | R247: 781.55 | T247: 49.06 | V247: 66674.703 | W247: =S247*$X$2+U247*$Y$2 -> 0 | Z247: =SUM(AA247:AC247) -> 0 | AA247: =$AA$2*E247 -> 0 | AB247: =$AB$2*Q247 -> 0 | AC247: =$AC$2*U247 -> 0
A248: Promedio | C248: =AVERAGE(C4:C247) -> 0.0098737061 | E248: =AVERAGE(E4:E247) -> 0.0056599078 | G248: =AVERAGE(G4:G247) -> 0.011850676 | I248: =AVERAGE(I4:I247) -> 0.014997037 | K248: =AVERAGE(K4:K247) -> 0.012091881 | M248: =AVERAGE(M4:M247) -> 0.015205918 | O248: =AVERAGE(O4:O247) -> 0.010327296 | Q248: =AVERAGE(Q4:Q247) -> 0.0068840757 | S248: =AVERAGE(S4:S247) -> 0.016885141 | U248: =AVERAGE(U4:U247) -> 0.0070983313 | W248: =AVERAGE(W4:W247) -> 0.011942589 | Z248: =AVERAGE(Z4:Z247) -> 0.0063582862
A249: Varianza | C249: =_xlfn.VAR.S(C3:C247) -> 0.0044836653 | E249: =_xlfn.VAR.S(E3:E247) -> 0.012385509 | G249: =_xlfn.VAR.S(G3:G247) -> 0.0044691412 | I249: =_xlfn.VAR.S(I3:I247) -> 0.0070282894 | K249: =_xlfn.VAR.S(K3:K247) -> 0.0078848499 | M249: =_xlfn.VAR.S(M3:M247) -> 0.01221252 | O249: =_xlfn.VAR.S(O3:O247) -> 0.0049035612 | Q249: =_xlfn.VAR.S(Q3:Q247) -> 0.00358449 | S249: =_xlfn.VAR.S(S3:S247) -> 0.016607792 | U249: =_xlfn.VAR.S(U3:U247) -> 0.0037479358
A250: D.E | C250: =_xlfn.STDEV.S(C3:C246) -> 0.066960177 | E250: =_xlfn.STDEV.S(E3:E246) -> 0.1112902 | G250: =_xlfn.STDEV.S(G3:G246) -> 0.066851635 | I250: =_xlfn.STDEV.S(I3:I246) -> 0.083834894 | K250: =_xlfn.STDEV.S(K3:K246) -> 0.088796677 | M250: =_xlfn.STDEV.S(M3:M246) -> 0.11051027 | O250: =_xlfn.STDEV.S(O3:O246) -> 0.070025432 | Q250: =_xlfn.STDEV.S(Q3:Q246) -> 0.05987061 | S250: =_xlfn.STDEV.S(S3:S246) -> 0.12887122 | U250: =_xlfn.STDEV.S(U3:U246) -> 0.061220387
W251: =POWER(X2,2)*S249+POWER(Y2,2)*U249+2*X2*Y2*W249*W252 -> 0.005088932
A252: Correlación | W252: =CORREL(S3:S247,U3:U247) -> 0.19979074
A254: CEMEX: 46.09% KIMBERLY CLARK: 23.43% WALMART: 30.47%

Sheet Gráficas

Sheet Crecimiento
A1: Fecha | B1: BIMBOA | C1: CEMEX | D1: FEMSA | E1: GRUPO AEROPORTUARIO | F1: BANORTE | G1: GRUMA | H1: HERDEZ | I1: KIMBERLY CLARK | J1: PEÑOLES | K1: WALMART | L1: IPC
A2: =report!A2 -> 38776.041 | B2: =IF(OR(report!B2="",report!B3=""),NA(),report!B2/report!B3-1) -> 0.039193729 | C2: =IF(OR(report!D2="",report!D3=""),NA(),report!D2/report!D3-1) -> -0.084704938 | D2: =IF(OR(report!F2="",report!F3=""),NA(),report!F2/report!F3-1) -> 0.17021272 | E2: =IF(OR(report!H2="",report!H3=""),NA(),report!H2/report!H3-1) -> -0.13582733 | F2: =IF(OR(report!J2="",report!J3=""),NA(),report!J2/report!J3-1) -> -0.010814986 | G2: =IF(OR(report!L2="",report!L3=""),NA(),report!L2/report!L3-1) -> 0.046284635 | H2: =IF(OR(report!N2="",report!N3=""),NA(),report!N2/report!N3-1) -> -0.066587396 | I2: =IF(OR(report!P2="",report!P3=""),NA(),report!P2/report!P3-1) -> -0.038657792 | J2: =IF(OR(report!R2="",report!R3=""),NA(),report!R2/report!R3-1) -> -0.22188556 | K2: =IF(OR(report!T2="",report!T3=""),NA(),report!T2/report!T3-1) -> 0.042420028 | L2: =IF(OR(report!V2="",report!V3=""),NA(),report!V2/report!V3-1) -> 0.0025842123
A3: =report!A3 -> 38807.041 | B3: =IF(OR(report!B3="",report!B4=""),NA(),report!B3/report!B4-1) -> 0.032369942 | C3: =IF(OR(report!D3="",report!D4=""),NA(),report!D3/report!D4-1) -> -0.052130898 | D3: =IF(OR(report!F3="",report!F4=""),NA(),report!F3/report!F4-1) -> -0.078611999 | E3: =IF(OR(report!H3="",report!H4=""),NA(),report!H3/report!H4-1) -> -0.053391455 | F3: =IF(OR(report!J3="",report!J4=""),NA(),report!J3/report!J4-1) -> -0.10415225 | G3: =IF(OR(report!L3="",report!L4=""),NA(),report!L3/report!L4-1) -> -0.072429907 | H3: =IF(OR(report!N3="",report!N4=""),NA(),report!N3/report!N4-1) -> -0.12395833 | I3: =IF(OR(report!P3="",report!P4=""),NA(),report!P3/report!P4-1) -> -0.046338922 | J3: =IF(OR(report!R3="",report!R4=""),NA(),report!R3/report!R4-1) -> -0.14121297 | K3: =IF(OR(report!T3="",report!T4=""),NA(),report!T3/report!T4-1) -> -0.088431062 | L3: =IF(OR(report!V3="",report!V4=""),NA(),report!V3/report!V4-1) -> 0.0040980414
A4: =report!A4 -> 38835.041 | B4: =IF(OR(report!B4="",report!B5=""),NA(),report!B4/report!B5-1) -> 0.048484848 | C4: =IF(OR(report!D4="",report!D5=""),NA(),report!D4/report!D5-1) -> 0.15924129 | D4: =IF(OR(report!F4="",report!F5=""),NA(),report!F4/report!F5-1) -> -0.0027370674 | E4: =IF(OR(report!H4="",report!H5=""),NA(),report!H4/report!H5-1) -> -0.050195694 | F4: =IF(OR(report!J4="",report!J5=""),NA(),report!J4/report!J5-1) -> 0.075949367 | G4: =IF(OR(report!L4="",report!L5=""),NA(),report!L4/report!L5-1) -> 0.22944345 | H4: =IF(OR(report!N4="",report!N5=""),NA(),report!N4/report!N5-1) -> 0.032258065 | I4: =IF(OR(report!P4="",report!P5=""),NA(),report!P4/report!P5-1) -> 0.017982793 | J4: =IF(OR(report!R4="",report!R5=""),NA(),report!R4/report!R5-1) -> 0.30991085 | K4: =IF(OR(report!T4="",report!T5=""),NA(),report!T4/report!T5-1) -> 0.064439946 | L4: =IF(OR(report!V4="",report!V5=""),NA(),report!V4/report!V5-1) -> -0.0021287551
A5: =report!A5 -> 38868.041 | B5: =IF(OR(report!B5="",report!B6=""),NA(),report!B5/report!B6-1) -> -0.021352313 | C5: =IF(OR(report!D5="",report!D6=""),NA(),report!D5/report!D6-1) -> -0.0057017544 | D5: =IF(OR(report!F5="",report!F6=""),NA(),report!F5/report!F6-1) -> -0.16009852 | E5: =IF(OR(report!H5="",report!H6=""),NA(),report!H5/report!H6-1) -> 0.02185195 | F5: =IF(OR(report!J5="",report!J6=""),NA(),report!J5/report!J6-1) -> 0.023238095 | G5: =IF(OR(report!L5="",report!L6=""),NA(),report!L5/report!L6-1) -> -0.085385878 | H5: =IF(OR(report!N5="",report!N6=""),NA(),report!N5/report!N6-1) -> 0.014176663 | I5: =IF(OR(report!P5="",report!P6=""),NA(),report!P5/report!P6-1) -> 0.067909865 | J5: =IF(OR(report!R5="",report!R6=""),NA(),report!R5/report!R6-1) -> 0.045217868 | K5: =IF(OR(report!T5="",report!T6=""),NA(),report!T5/report!T6-1) -> -0.049390635 | L5: =IF(OR(report!V5="",report!V6=""),NA(),report!V5/report!V6-1) -> -0.00035624468
A6: =report!A6 -> 38898.041 | B6: =IF(OR(report!B6="",report!B7=""),NA(),report!B6/report!B7-1) -> -0.037671233 | C6: =IF(OR(report!D6="",report!D7=""),NA(),report!D6/report!D7-1) -> 0.046831956 | D6: =IF(OR(report!F6="",report!F7=""),NA(),report!F6/report!F7-1) -> -0.049922012 | E6: =IF(OR(report!H6="",report!H7=""),NA(),report!H6/report!H7-1) -> 0.12335074 | F6: =IF(OR(report!J6="",report!J7=""),NA(),report!J6/report!J7-1) -> -0.12848606 | G6: =IF(OR(report!L6="",report!L7=""),NA(),report!L6/report!L7-1) -> -0.065090574 | H6: =IF(OR(report!N6="",report!N7=""),NA(),report!N6/report!N7-1) -> 0.15929204 | I6: =IF(OR(report!P6="",report!P7=""),NA(),report!P6/report!P7-1) -> -0.13795591 | J6: =IF(OR(report!R6="",report!R7=""),NA(),report!R6/report!R7-1) -> -0.16926579 | K6: =IF(OR(report!T6="",report!T7=""),NA(),report!T6/report!T7-1) -> -0.080778302 | L6: =IF(OR(report!V6="",report!V7=""),NA(),report!V6/report!V7-1) -> -0.0037359271
A7: =report!A7 -> 38929.041 | B7: =IF(OR(report!B7="",report!B8=""),NA(),report!B7/report!B8-1) -> -0.024227235 | C7: =IF(OR(report!D7="",report!D8=""),NA(),report!D7/report!D8-1) -> -0.014479638 | D7: =IF(OR(report!F7="",report!F8=""),NA(),report!F7/report!F8-1) -> -0.11267994 | E7: =IF(OR(report!H7="",report!H8=""),NA(),report!H7/report!H8-1) -> -0.11775854 | F7: =IF(OR(report!J7="",report!J8=""),NA(),report!J7/report!J8-1) -> -0.05875 | G7: =IF(OR(report!L7="",report!L8=""),NA(),report!L7/report!L8-1) -> 0.0012296342 | H7: =IF(OR(report!N7="",report!N8=""),NA(),report!N7/report!N8-1) -> 0.027272727 | I7: =IF(OR(report!P7="",report!P8=""),NA(),report!P7/report!P8-1) -> 0.013865234 | J7: =IF(OR(report!R7="",report!R8=""),NA(),report!R7/report!R8-1) -> -0.053646451 | K7: =IF(OR(report!T7="",report!T8=""),NA(),report!T7/report!T8-1) -> -0.091590787 | L7: =IF(OR(report!V7="",report!V8=""),NA(),report!V7/report!V8-1) -> 0.0078451323
A8: =report!A8 -> 38960.041 | B8: =IF(OR(report!B8="",report!B9=""),NA(),report!B8/report!B9-1) -> -0.067514931 | C8: =IF(OR(report!D8="",report!D9=""),NA(),report!D8/report!D9-1) -> -0.051094891 | D8: =IF(OR(report!F8="",report!F9=""),NA(),report!F8/report!F9-1) -> 0.032000015 | E8: =IF(OR(report!H8="",report!H9=""),NA(),report!H8/report!H9-1) -> -0.01650693 | F8: =IF(OR(report!J8="",report!J9=""),NA(),report!J8/report!J9-1) -> -0.076745528 | G8: =IF(OR(report!L8="",report!L9=""),NA(),report!L8/report!L9-1) -> -0.019885508 | H8: =IF(OR(report!N8="",report!N9=""),NA(),report!N8/report!N9-1) -> -0.025316456 | I8: =IF(OR(report!P8="",report!P9=""),NA(),report!P8/report!P9-1) -> -0.070750404 | J8: =IF(OR(report!R8="",report!R9=""),NA(),report!R8/report!R9-1) -> 0.090193776 | K8: =IF(OR(report!T8="",report!T9=""),NA(),report!T8/report!T9-1) -> -0.0016042781 | L8: =IF(OR(report!V8="",report!V9=""),NA(),report!V8/report!V9-1) -> 0.0077388677
A9: =report!A9 -> 38989.041 | B9: =IF(OR(report!B9="",report!B10=""),NA(),report!B9/report!B10-1) -> -0.10587416 | C9: =IF(OR(report!D9="",report!D10=""),NA(),report!D9/report!D10-1) -> 0 | D9: =IF(OR(report!F9="",report!F10=""),NA(),report!F9/report!F10-1) -> 0.076923045 | E9: =IF(OR(report!H9="",report!H10=""),NA(),report!H9/report!H10-1) -> -0.075332351 | F9: =IF(OR(report!J9="",report!J10=""),NA(),report!J9/report!J10-1) -> -0.1053175 | G9: =IF(OR(report!L9="",report!L10=""),NA(),report!L9/report!L10-1) -> -0.047632712 | H9: =IF(OR(report!N9="",report!N10=""),NA(),report!N9/report!N10-1) -> -0.048192771 | I9: =IF(OR(report!P9="",report!P10=""),NA(),report!P9/report!P10-1) -> -0.016670366 | J9: =IF(OR(report!R9="",report!R10=""),NA(),report!R9/report!R10-1) -> -0.043043381 | K9: =IF(OR(report!T9="",report!T10=""),NA(),report!T9/report!T10-1) -> -0.0016017085 | L9: =IF(OR(report!V9="",report!V10=""),NA(),report!V9/report!V10-1) -> 0.0058268184
A10: =report!A10 -> 39021.041 | B10: =IF(OR(report!B10="",report!B11=""),NA(),report!B10/report!B11-1) -> -0.043738899 | C10: =IF(OR(report!D10="",report!D11=""),NA(),report!D10/report!D11-1) -> -0.075793651 | D10: =IF(OR(report!F10="",report!F11=""),NA(),report!F10/report!F11-1) -> -0.10836761 | E10: =IF(OR(report!H10="",report!H11=""),NA(),report!H10/report!H11-1) -> -0.061893757 | F10: =IF(OR(report!J10="",report!J11=""),NA(),report!J10/report!J11-1) -> -0.054430071 | G10: =IF(OR(report!L10="",report!L11=""),NA(),report!L10/report!L11-1) -> -0.056833559 | H10: =IF(OR(report!N10="",report!N11=""),NA(),report!N10/report!N11-1) -> -0.11702128 | I10: =IF(OR(report!P10="",report!P11=""),NA(),report!P10/report!P11-1) -> -0.014241912 | J10: =IF(OR(report!R10="",report!R11=""),NA(),report!R10/report!R11-1) -> -0.09120621 | K10: =IF(OR(report!T10="",report!T11=""),NA(),report!T10/report!T11-1) -> -0.087676571 | L10: =IF(OR(report!V10="",report!V11=""),NA(),report!V10/report!V11-1) -> -0.017016795
A11: =report!A11 -> 39051.041 | B11: =IF(OR(report!B11="",report!B12=""),NA(),report!B11/report!B12-1) -> -0.16592593 | C11: =IF(OR(report!D11="",report!D12=""),NA(),report!D11/report!D12-1) -> -0.020217729 | D11: =IF(OR(report!F11="",report!F12=""),NA(),report!F11/report!F12-1) -> -0.14235293 | E11: =IF(OR(report!H11="",report!H12=""),NA(),report!H11/report!H12-1) -> 0.021467321 | F11: =IF(OR(report!J11="",report!J12=""),NA(),report!J11/report!J12-1) -> -0.030295858 | G11: =IF(OR(report!L11="",report!L12=""),NA(),report!L11/report!L12-1) -> -0.049395421 | H11: =IF(OR(report!N11="",report!N12=""),NA(),report!N11/report!N12-1) -> -0.087378641 | I11: =IF(OR(report!P11="",report!P12=""),NA(),report!P11/report!P12-1) -> -0.081320446 | J11: =IF(OR(report!R11="",report!R12=""),NA(),report!R11/report!R12-1) -> -0.012008073 | K11: =IF(OR(report!T11="",report!T12=""),NA(),report!T11/report!T12-1) -> -0.13666947 | L11: =IF(OR(report!V11="",report!V12=""),NA(),report!V11/report!V12-1) -> -0.0097657794
A12: =report!A12 -> 39080.041 | B12: =IF(OR(report!B12="",report!B13=""),NA(),report!B12/report!B13-1) -> -0.019963702 | C12: =IF(OR(report!D12="",report!D13=""),NA(),report!D12/report!D13-1) -> -0.059597806 | D12: =IF(OR(report!F12="",report!F13=""),NA(),report!F12/report!F13-1) -> -0.055555567 | E12: =IF(OR(report!H12="",report!H13=""),NA(),report!H12/report!H13-1) -> -0.054427834 | F12: =IF(OR(report!J12="",report!J13=""),NA(),report!J12/report!J13-1) -> -0.034726982 | G12: =IF(OR(report!L12="",report!L13=""),NA(),report!L12/report!L13-1) -> 0.18253727 | H12: =IF(OR(report!N12="",report!N13=""),NA(),report!N12/report!N13-1) -> 0.03 | I12: =IF(OR(report!P12="",report!P13=""),NA(),report!P12/report!P13-1) -> 0.049873211 | J12: =IF(OR(report!R12="",report!R13=""),NA(),report!R12/report!R13-1) -> -0.052218822 | K12: =IF(OR(report!T12="",report!T13=""),NA(),report!T12/report!T13-1) -> -0.025809095 | L12: =IF(OR(report!V12="",report!V13=""),NA(),report!V12/report!V13-1) -> -0.005010929
A13: =report!A13 -> 39113.041 | B13: =IF(OR(report!B13="",report!B14=""),NA(),report!B13/report!B14-1) -> 0.062271062 | C13: =IF(OR(report!D13="",report!D14=""),NA(),report!D13/report!D14-1) -> 0.021666044 | D13: =IF(OR(report!F13="",report!F14=""),NA(),report!F13/report!F14-1) -> -0.032258065 | E13: =IF(OR(report!H13="",report!H14=""),NA(),report!H13/report!H14-1) -> -0.032167528 | F13: =IF(OR(report!J13="",report!J14=""),NA(),report!J13/report!J14-1) -> 0.0036688833 | G13: =IF(OR(report!L13="",report!L14=""),NA(),report!L13/report!L14-1) -> -0.056002298 | H13: =IF(OR(report!N13="",report!N14=""),NA(),report!N13/report!N14-1) -> -0.12280702 | I13: =IF(OR(report!P13="",report!P14=""),NA(),report!P13/report!P14-1) -> 0.010679146 | J13: =IF(OR(report!R13="",report!R14=""),NA(),report!R13/report!R14-1) -> -0.036757255 | K13: =IF(OR(report!T13="",report!T14=""),NA(),report!T13/report!T14-1) -> 0.13113994 | L13: =IF(OR(report!V13="",report!V14=""),NA(),report!V13/report!V14-1) -> 0.0041970409
... A246: =report!A246 -> 46203.041 | B246: =IF(OR(report!B246="",report!B247=""),NA(),report!B246/report!B247-1) -> 0.0019284712 | C246: =IF(OR(report!D246="",report!D247=""),NA(),report!D246/report!D247-1) -> -0.01914993 | D246: =IF(OR(report!F246="",report!F247=""),NA(),report!F246/report!F247-1) -> -0.005988024 | E246: =IF(OR(report!H246="",report!H247=""),NA(),report!H246/report!H247-1) -> 0.00081466395 | F246: =IF(OR(report!J246="",report!J247=""),NA(),report!J246/report!J247-1) -> -0.020381084 | G246: =IF(OR(report!L246="",report!L247=""),NA(),report!L246/report!L247-1) -> -0.0080853017 | H246: =IF(OR(report!N246="",report!N247=""),NA(),report!N246/report!N247-1) -> 0.024771136 | I246: =IF(OR(report!P246="",report!P247=""),NA(),report!P246/report!P247-1) -> -0.012241775 | J246: =IF(OR(report!R246="",report!R247=""),NA(),report!R246/report!R247-1) -> -0.022097115 | K246: =IF(OR(report!T246="",report!T247=""),NA(),report!T246/report!T247-1) -> 0.047085202 | L246: =IF(OR(report!V246="",report!V247=""),NA(),report!V246/report!V247-1) -> 0.011874936
A247: =report!A247 -> 46209.041 | B247: =IF(OR(report!B247="",report!#REF!=""),NA(),report!B247/report!#REF!-1) -> #REF! | C247: =IF(OR(report!D247="",report!#REF!=""),NA(),report!D247/report!#REF!-1) -> #REF! | D247: =IF(OR(report!F247="",report!#REF!=""),NA(),report!F247/report!#REF!-1) -> #REF! | E247: =IF(OR(report!H247="",report!#REF!=""),NA(),report!H247/report!#REF!-1) -> #REF! | F247: =IF(OR(report!J247="",report!#REF!=""),NA(),report!J247/report!#REF!-1) -> #REF! | G247: =IF(OR(report!L247="",report!#REF!=""),NA(),report!L247/report!#REF!-1) -> #REF! | H247: =IF(OR(report!N247="",report!#REF!=""),NA(),report!N247/report!#REF!-1) -> #REF! | I247: =IF(OR(report!P247="",report!#REF!=""),NA(),report!P247/report!#REF!-1) -> #REF! | J247: =IF(OR(report!R247="",report!#REF!=""),NA(),report!R247/report!#REF!-1) -> #REF! | K247: =IF(OR(report!T247="",report!#REF!=""),NA(),report!T247/report!#REF!-1) -> #REF! | L247: =IF(OR(report!V247="",report!#REF!=""),NA(),report!V247/report!#REF!-1) -> #REF!
A248: =report!#REF! -> #REF! | B248: =IF(OR(report!#REF!="",report!#REF!=""),NA(),report!#REF!/report!#REF!-1) -> #REF! | C248: =IF(OR(report!#REF!="",report!#REF!=""),NA(),report!#REF!/report!#REF!-1) -> #REF! | D248: =IF(OR(report!#REF!="",report!#REF!=""),NA(),report!#REF!/report!#REF!-1) -> #REF! | E248: =IF(OR(report!#REF!="",report!#REF!=""),NA(),report!#REF!/report!#REF!-1) -> #REF! | F248: =IF(OR(report!#REF!="",report!#REF!=""),NA(),report!#REF!/report!#REF!-1) -> #REF! | G248: =IF(OR(report!#REF!="",report!#REF!=""),NA(),report!#REF!/report!#REF!-1) -> #REF! | H248: =IF(OR(report!#REF!="",report!#REF!=""),NA(),report!#REF!/report!#REF!-1) -> #REF! | I248: =IF(OR(report!#REF!="",report!#REF!=""),NA(),report!#REF!/report!#REF!-1) -> #REF! | ... L248: =IF(OR(report!#REF!="",report!#REF!=""),NA(),report!#REF!/report!#REF!-1) -> #REF!
A249: =report!#REF! -> #REF! | B249: =IF(OR(report!#REF!="",report!#REF!=""),NA(),report!#REF!/report!#REF!-1) -> #REF! | C249: =IF(OR(report!#REF!="",report!#REF!=""),NA(),report!#REF!/report!#REF!-1) -> #REF! | D249: =IF(OR(report!#REF!="",report!#REF!=""),NA(),report!#REF!/report!#REF!-1) -> #REF! | E249: =IF(OR(report!#REF!="",report!#REF!=""),NA(),report!#REF!/report!#REF!-1) -> #REF! | F249: =IF(OR(report!#REF!="",report!#REF!=""),NA(),report!#REF!/report!#REF!-1) -> #REF! | G249: =IF(OR(report!#REF!="",report!#REF!=""),NA(),report!#REF!/report!#REF!-1) -> #REF! | H249: =IF(OR(report!#REF!="",report!#REF!=""),NA(),report!#REF!/report!#REF!-1) -> #REF! | I249: =IF(OR(report!#REF!="",report!#REF!=""),NA(),report!#REF!/report!#REF!-1) -> #REF! | ... L249: =IF(OR(report!#REF!="",report!#REF!=""),NA(),report!#REF!/report!#REF!-1) -> #REF!
A250: =report!#REF! -> #REF! | B250: =IF(OR(report!#REF!="",report!#REF!=""),NA(),report!#REF!/report!#REF!-1) -> #REF! | C250: =IF(OR(report!#REF!="",report!#REF!=""),NA(),report!#REF!/report!#REF!-1) -> #REF! | D250: =IF(OR(report!#REF!="",report!#REF!=""),NA(),report!#REF!/report!#REF!-1) -> #REF! | E250: =IF(OR(report!#REF!="",report!#REF!=""),NA(),report!#REF!/report!#REF!-1) -> #REF! | F250: =IF(OR(report!#REF!="",report!#REF!=""),NA(),report!#REF!/report!#REF!-1) -> #REF! | G250: =IF(OR(report!#REF!="",report!#REF!=""),NA(),report!#REF!/report!#REF!-1) -> #REF! | H250: =IF(OR(report!#REF!="",report!#REF!=""),NA(),report!#REF!/report!#REF!-1) -> #REF! | I250: =IF(OR(report!#REF!="",report!#REF!=""),NA(),report!#REF!/report!#REF!-1) -> #REF! | ... L250: =IF(OR(report!#REF!="",report!#REF!=""),NA(),report!#REF!/report!#REF!-1) -> #REF!
A251: =report!#REF! -> #REF! | B251: =IF(OR(report!#REF!="",report!#REF!=""),NA(),report!#REF!/report!#REF!-1) -> #REF! | C251: =IF(OR(report!#REF!="",report!#REF!=""),NA(),report!#REF!/report!#REF!-1) -> #REF! | D251: =IF(OR(report!#REF!="",report!#REF!=""),NA(),report!#REF!/report!#REF!-1) -> #REF! | E251: =IF(OR(report!#REF!="",report!#REF!=""),NA(),report!#REF!/report!#REF!-1) -> #REF! | F251: =IF(OR(report!#REF!="",report!#REF!=""),NA(),report!#REF!/report!#REF!-1) -> #REF! | G251: =IF(OR(report!#REF!="",report!#REF!=""),NA(),report!#REF!/report!#REF!-1) -> #REF! | H251: =IF(OR(report!#REF!="",report!#REF!=""),NA(),report!#REF!/report!#REF!-1) -> #REF! | I251: =IF(OR(report!#REF!="",report!#REF!=""),NA(),report!#REF!/report!#REF!-1) -> #REF! | ... L251: =IF(OR(report!#REF!="",report!#REF!=""),NA(),report!#REF!/report!#REF!-1) -> #REF!
A252: =report!#REF! -> #REF! | B252: =IF(OR(report!#REF!="",report!#REF!=""),NA(),report!#REF!/report!#REF!-1) -> #REF! | C252: =IF(OR(report!#REF!="",report!#REF!=""),NA(),report!#REF!/report!#REF!-1) -> #REF! | D252: =IF(OR(report!#REF!="",report!#REF!=""),NA(),report!#REF!/report!#REF!-1) -> #REF! | E252: =IF(OR(report!#REF!="",report!#REF!=""),NA(),report!#REF!/report!#REF!-1) -> #REF! | F252: =IF(OR(report!#REF!="",report!#REF!=""),NA(),report!#REF!/report!#REF!-1) -> #REF! | G252: =IF(OR(report!#REF!="",report!#REF!=""),NA(),report!#REF!/report!#REF!-1) -> #REF! | H252: =IF(OR(report!#REF!="",report!#REF!=""),NA(),report!#REF!/report!#REF!-1) -> #REF! | I252: =IF(OR(report!#REF!="",report!#REF!=""),NA(),report!#REF!/report!#REF!-1) -> #REF! | ... L252: =IF(OR(report!#REF!="",report!#REF!=""),NA(),report!#REF!/report!#REF!-1) -> #REF!
A253: =report!#REF! -> #REF! | B253: =IF(OR(report!#REF!="",report!#REF!=""),NA(),report!#REF!/report!#REF!-1) -> #REF! | C253: =IF(OR(report!#REF!="",report!#REF!=""),NA(),report!#REF!/report!#REF!-1) -> #REF! | D253: =IF(OR(report!#REF!="",report!#REF!=""),NA(),report!#REF!/report!#REF!-1) -> #REF! | E253: =IF(OR(report!#REF!="",report!#REF!=""),NA(),report!#REF!/report!#REF!-1) -> #REF! | F253: =IF(OR(report!#REF!="",report!#REF!=""),NA(),report!#REF!/report!#REF!-1) -> #REF! | G253: =IF(OR(report!#REF!="",report!#REF!=""),NA(),report!#REF!/report!#REF!-1) -> #REF! | H253: =IF(OR(report!#REF!="",report!#REF!=""),NA(),report!#REF!/report!#REF!-1) -> #REF! | I253: =IF(OR(report!#REF!="",report!#REF!=""),NA(),report!#REF!/report!#REF!-1) -> #REF! | ... L253: =IF(OR(report!#REF!="",report!#REF!=""),NA(),report!#REF!/report!#REF!-1) -> #REF!
A254: =report!#REF! -> #REF! | B254: =IF(OR(report!#REF!="",report!#REF!=""),NA(),report!#REF!/report!#REF!-1) -> #REF! | C254: =IF(OR(report!#REF!="",report!#REF!=""),NA(),report!#REF!/report!#REF!-1) -> #REF! | D254: =IF(OR(report!#REF!="",report!#REF!=""),NA(),report!#REF!/report!#REF!-1) -> #REF! | E254: =IF(OR(report!#REF!="",report!#REF!=""),NA(),report!#REF!/report!#REF!-1) -> #REF! | F254: =IF(OR(report!#REF!="",report!#REF!=""),NA(),report!#REF!/report!#REF!-1) -> #REF! | G254: =IF(OR(report!#REF!="",report!#REF!=""),NA(),report!#REF!/report!#REF!-1) -> #REF! | H254: =IF(OR(report!#REF!="",report!#REF!=""),NA(),report!#REF!/report!#REF!-1) -> #REF! | I254: =IF(OR(report!#REF!="",report!#REF!=""),NA(),report!#REF!/report!#REF!-1) -> #REF! | ... L254: =IF(OR(report!#REF!="",report!#REF!=""),NA(),report!#REF!/report!#REF!-1) -> #REF!
A255: =report!#REF! -> #REF! | B255: =IF(OR(report!#REF!="",report!#REF!=""),NA(),report!#REF!/report!#REF!-1) -> #REF! | C255: =IF(OR(report!#REF!="",report!#REF!=""),NA(),report!#REF!/report!#REF!-1) -> #REF! | D255: =IF(OR(report!#REF!="",report!#REF!=""),NA(),report!#REF!/report!#REF!-1) -> #REF! | E255: =IF(OR(report!#REF!="",report!#REF!=""),NA(),report!#REF!/report!#REF!-1) -> #REF! | F255: =IF(OR(report!#REF!="",report!#REF!=""),NA(),report!#REF!/report!#REF!-1) -> #REF! | G255: =IF(OR(report!#REF!="",report!#REF!=""),NA(),report!#REF!/report!#REF!-1) -> #REF! | H255: =IF(OR(report!#REF!="",report!#REF!=""),NA(),report!#REF!/report!#REF!-1) -> #REF! | I255: =IF(OR(report!#REF!="",report!#REF!=""),NA(),report!#REF!/report!#REF!-1) -> #REF! | ... L255: =IF(OR(report!#REF!="",report!#REF!=""),NA(),report!#REF!/report!#REF!-1) -> #REF!
A256: =report!#REF! -> #REF! | B256: =IF(OR(report!#REF!="",report!#REF!=""),NA(),report!#REF!/report!#REF!-1) -> #REF! | C256: =IF(OR(report!#REF!="",report!#REF!=""),NA(),report!#REF!/report!#REF!-1) -> #REF! | D256: =IF(OR(report!#REF!="",report!#REF!=""),NA(),report!#REF!/report!#REF!-1) -> #REF! | E256: =IF(OR(report!#REF!="",report!#REF!=""),NA(),report!#REF!/report!#REF!-1) -> #REF! | F256: =IF(OR(report!#REF!="",report!#REF!=""),NA(),report!#REF!/report!#REF!-1) -> #REF! | G256: =IF(OR(report!#REF!="",report!#REF!=""),NA(),report!#REF!/report!#REF!-1) -> #REF! | H256: =IF(OR(report!#REF!="",report!#REF!=""),NA(),report!#REF!/report!#REF!-1) -> #REF! | I256: =IF(OR(report!#REF!="",report!#REF!=""),NA(),report!#REF!/report!#REF!-1) -> #REF! | ... L256: =IF(OR(report!#REF!="",report!#REF!=""),NA(),report!#REF!/report!#REF!-1) -> #REF!
A257: =report!#REF! -> #REF! | B257: =IF(OR(report!#REF!="",report!#REF!=""),NA(),report!#REF!/report!#REF!-1) -> #REF! | C257: =IF(OR(report!#REF!="",report!#REF!=""),NA(),report!#REF!/report!#REF!-1) -> #REF! | D257: =IF(OR(report!#REF!="",report!#REF!=""),NA(),report!#REF!/report!#REF!-1) -> #REF! | E257: =IF(OR(report!#REF!="",report!#REF!=""),NA(),report!#REF!/report!#REF!-1) -> #REF! | F257: =IF(OR(report!#REF!="",report!#REF!=""),NA(),report!#REF!/report!#REF!-1) -> #REF! | G257: =IF(OR(report!#REF!="",report!#REF!=""),NA(),report!#REF!/report!#REF!-1) -> #REF! | H257: =IF(OR(report!#REF!="",report!#REF!=""),NA(),report!#REF!/report!#REF!-1) -> #REF! | I257: =IF(OR(report!#REF!="",report!#REF!=""),NA(),report!#REF!/report!#REF!-1) -> #REF! | ... L257: =IF(OR(report!#REF!="",report!#REF!=""),NA(),report!#REF!/report!#REF!-1) -> #REF!
A258: =report!#REF! -> #REF! | B258: =IF(OR(report!#REF!="",report!#REF!=""),NA(),report!#REF!/report!#REF!-1) -> #REF! | C258: =IF(OR(report!#REF!="",report!#REF!=""),NA(),report!#REF!/report!#REF!-1) -> #REF! | D258: =IF(OR(report!#REF!="",report!#REF!=""),NA(),report!#REF!/report!#REF!-1) -> #REF! | E258: =IF(OR(report!#REF!="",report!#REF!=""),NA(),report!#REF!/report!#REF!-1) -> #REF! | F258: =IF(OR(report!#REF!="",report!#REF!=""),NA(),report!#REF!/report!#REF!-1) -> #REF! | G258: =IF(OR(report!#REF!="",report!#REF!=""),NA(),report!#REF!/report!#REF!-1) -> #REF! | H258: =IF(OR(report!#REF!="",report!#REF!=""),NA(),report!#REF!/report!#REF!-1) -> #REF! | I258: =IF(OR(report!#REF!="",report!#REF!=""),NA(),report!#REF!/report!#REF!-1) -> #REF! | ... L258: =IF(OR(report!#REF!="",report!#REF!=""),NA(),report!#REF!/report!#REF!-1) -> #REF!
A259: =report!#REF! -> #REF! | B259: =IF(OR(report!#REF!="",report!#REF!=""),NA(),report!#REF!/report!#REF!-1) -> #REF! | C259: =IF(OR(report!#REF!="",report!#REF!=""),NA(),report!#REF!/report!#REF!-1) -> #REF! | D259: =IF(OR(report!#REF!="",report!#REF!=""),NA(),report!#REF!/report!#REF!-1) -> #REF! | E259: =IF(OR(report!#REF!="",report!#REF!=""),NA(),report!#REF!/report!#REF!-1) -> #REF! | F259: =IF(OR(report!#REF!="",report!#REF!=""),NA(),report!#REF!/report!#REF!-1) -> #REF! | G259: =IF(OR(report!#REF!="",report!#REF!=""),NA(),report!#REF!/report!#REF!-1) -> #REF! | H259: =IF(OR(report!#REF!="",report!#REF!=""),NA(),report!#REF!/report!#REF!-1) -> #REF! | I259: =IF(OR(report!#REF!="",report!#REF!=""),NA(),report!#REF!/report!#REF!-1) -> #REF! | ... L259: =IF(OR(report!#REF!="",report!#REF!=""),NA(),report!#REF!/report!#REF!-1) -> #REF!
... A303: =report!#REF! -> #REF! | B303: =IF(OR(report!#REF!="",report!#REF!=""),NA(),report!#REF!/report!#REF!-1) -> #REF! | C303: =IF(OR(report!#REF!="",report!#REF!=""),NA(),report!#REF!/report!#REF!-1) -> #REF! | D303: =IF(OR(report!#REF!="",report!#REF!=""),NA(),report!#REF!/report!#REF!-1) -> #REF! | E303: =IF(OR(report!#REF!="",report!#REF!=""),NA(),report!#REF!/report!#REF!-1) -> #REF! | F303: =IF(OR(report!#REF!="",report!#REF!=""),NA(),report!#REF!/report!#REF!-1) -> #REF! | G303: =IF(OR(report!#REF!="",report!#REF!=""),NA(),report!#REF!/report!#REF!-1) -> #REF! | H303: =IF(OR(report!#REF!="",report!#REF!=""),NA(),report!#REF!/report!#REF!-1) -> #REF! | I303: =IF(OR(report!#REF!="",report!#REF!=""),NA(),report!#REF!/report!#REF!-1) -> #REF! | ... L303: =IF(OR(report!#REF!="",report!#REF!=""),NA(),report!#REF!/report!#REF!-1) -> #REF!
A304: =report!#REF! -> #REF! | B304: =NA() -> #N/A | C304: =NA() -> #N/A | D304: =NA() -> #N/A | E304: =NA() -> #N/A | F304: =NA() -> #N/A | G304: =NA() -> #N/A | H304: =NA() -> #N/A | I304: =NA() -> #N/A | ... L304: =NA() -> #N/A

Sheet Gráficas Crecimiento

Sheet Crecimiento Total
A1: Empresa | B1: Fecha inicial | C1: Valor inicial | D1: Fecha final | E1: Valor final | F1: Crecimiento total | G1: Años | H1: Tasa anual (CAGR) | I1: Tasa mensual equivalente | J1: Crecimiento mensual promedio | K1: Desviación estándar (mensual) | L1: Varianza (mensual)
A2: {=TRANSPOSE(report!B1:V1)} -> BIMBOA | B2: {=_xlfn.LET(_xlpm.v,INDEX(report!$B$2:$V$247,0,ROW()-1),_xlfn.XLOOKUP(TRUE,ISNUMBER(_xlpm.v),report!$A$2:$A$247,NA(),0,-1))} -> 46209.041 | C2: {=_xlfn.LET(_xlpm.v,INDEX(report!$B$2:$V$247,0,ROW()-1),_xlfn.XLOOKUP(TRUE,ISNUMBER(_xlpm.v),_xlpm.v,NA(),0,-1))} -> 57.04 | D2: {=_xlfn.LET(_xlpm.v,INDEX(report!$B$2:$V$247,0,ROW()-1),_xlfn.XLOOKUP(TRUE,ISNUMBER(_xlpm.v),report!$A$2:$A$247,NA(),0,1))} -> 38776.041 | E2: {=_xlfn.LET(_xlpm.v,INDEX(report!$B$2:$V$247,0,ROW()-1),_xlfn.XLOOKUP(TRUE,ISNUMBER(_xlpm.v),_xlpm.v,NA(),0,1))} -> 9.28 | F2: =E2/C2-1 -> -0.83730715 | G2: =(D2-B2)/365.25 -> -20.350445 | H2: =(E2/C2)^(1/G2)-1 -> 0.093333224 | I2: =(1+H2)^(1/12)-1 -> 0.0074636346 | J2: =_xlfn.AGGREGATE(1,6,INDEX(Crecimiento!$B$2:$L$304,0,ROW()-1)) -> -0.0052269243 | K2: =_xlfn.AGGREGATE(7,6,INDEX(Crecimiento!$B$2:$L$304,0,ROW()-1)) -> 0.06573941 | L2: =_xlfn.AGGREGATE(10,6,INDEX(Crecimiento!$B$2:$L$304,0,ROW()-1)) -> 0.0043216701
A3: 0 | B3: {=_xlfn.LET(_xlpm.v,INDEX(report!$B$2:$V$247,0,ROW()-1),_xlfn.XLOOKUP(TRUE,ISNUMBER(_xlpm.v),report!$A$2:$A$247,NA(),0,-1))} -> 46203.041 | C3: {=_xlfn.LET(_xlpm.v,INDEX(report!$B$2:$V$247,0,ROW()-1),_xlfn.XLOOKUP(TRUE,ISNUMBER(_xlpm.v),_xlpm.v,NA(),0,-1))} -> -0.042553191 | D3: {=_xlfn.LET(_xlpm.v,INDEX(report!$B$2:$V$247,0,ROW()-1),_xlfn.XLOOKUP(TRUE,ISNUMBER(_xlpm.v),report!$A$2:$A$247,NA(),0,1))} -> 38807.041 | E3: {=_xlfn.LET(_xlpm.v,INDEX(report!$B$2:$V$247,0,ROW()-1),_xlfn.XLOOKUP(TRUE,ISNUMBER(_xlpm.v),_xlpm.v,NA(),0,1))} -> -0.037715517 | F3: =E3/C3-1 -> -0.11368534 | G3: =(D3-B3)/365.25 -> -20.249144 | H3: =(E3/C3)^(1/G3)-1 -> 0.0059777141 | I3: =(1+H3)^(1/12)-1 -> 0.00049678323 | J3: =_xlfn.AGGREGATE(1,6,INDEX(Crecimiento!$B$2:$L$304,0,ROW()-1)) -> 0.0070437787 | K3: =_xlfn.AGGREGATE(7,6,INDEX(Crecimiento!$B$2:$L$304,0,ROW()-1)) -> 0.12381579 | L3: =_xlfn.AGGREGATE(10,6,INDEX(Crecimiento!$B$2:$L$304,0,ROW()-1)) -> 0.01533035
A4: CEMEX | B4: {=_xlfn.LET(_xlpm.v,INDEX(report!$B$2:$V$247,0,ROW()-1),_xlfn.XLOOKUP(TRUE,ISNUMBER(_xlpm.v),report!$A$2:$A$247,NA(),0,-1))} -> 46209.041 | C4: {=_xlfn.LET(_xlpm.v,INDEX(report!$B$2:$V$247,0,ROW()-1),_xlfn.XLOOKUP(TRUE,ISNUMBER(_xlpm.v),_xlpm.v,NA(),0,-1))} -> 21.41 | D4: {=_xlfn.LET(_xlpm.v,INDEX(report!$B$2:$V$247,0,ROW()-1),_xlfn.XLOOKUP(TRUE,ISNUMBER(_xlpm.v),report!$A$2:$A$247,NA(),0,1))} -> 38776.041 | E4: {=_xlfn.LET(_xlpm.v,INDEX(report!$B$2:$V$247,0,ROW()-1),_xlfn.XLOOKUP(TRUE,ISNUMBER(_xlpm.v),_xlpm.v,NA(),0,1))} -> 22.8 | F4: =E4/C4-1 -> 0.064922933 | G4: =(D4-B4)/365.25 -> -20.350445 | H4: =(E4/C4)^(1/G4)-1 -> -0.003086189 | I4: =(1+H4)^(1/12)-1 -> -0.00025754692 | J4: =_xlfn.AGGREGATE(1,6,INDEX(Crecimiento!$B$2:$L$304,0,ROW()-1)) -> -0.0069213854 | K4: =_xlfn.AGGREGATE(7,6,INDEX(Crecimiento!$B$2:$L$304,0,ROW()-1)) -> 0.063970566 | L4: =_xlfn.AGGREGATE(10,6,INDEX(Crecimiento!$B$2:$L$304,0,ROW()-1)) -> 0.0040922333
A5: 0 | B5: {=_xlfn.LET(_xlpm.v,INDEX(report!$B$2:$V$247,0,ROW()-1),_xlfn.XLOOKUP(TRUE,ISNUMBER(_xlpm.v),report!$A$2:$A$247,NA(),0,-1))} -> 46203.041 | C5: {=_xlfn.LET(_xlpm.v,INDEX(report!$B$2:$V$247,0,ROW()-1),_xlfn.XLOOKUP(TRUE,ISNUMBER(_xlpm.v),_xlpm.v,NA(),0,-1))} -> -0.080157687 | D5: {=_xlfn.LET(_xlpm.v,INDEX(report!$B$2:$V$247,0,ROW()-1),_xlfn.XLOOKUP(TRUE,ISNUMBER(_xlpm.v),report!$A$2:$A$247,NA(),0,1))} -> 38807.041 | E5: {=_xlfn.LET(_xlpm.v,INDEX(report!$B$2:$V$247,0,ROW()-1),_xlfn.XLOOKUP(TRUE,ISNUMBER(_xlpm.v),_xlpm.v,NA(),0,1))} -> 0.09254386 | F5: =E5/C5-1 -> -2.1545226 | G5: =(D5-B5)/365.25 -> -20.249144 | H5: =(E5/C5)^(1/G5)-1 -> #NUM! | I5: =(1+H5)^(1/12)-1 -> #NUM! | J5: =_xlfn.AGGREGATE(1,6,INDEX(Crecimiento!$B$2:$L$304,0,ROW()-1)) -> -0.0080486828 | K5: =_xlfn.AGGREGATE(7,6,INDEX(Crecimiento!$B$2:$L$304,0,ROW()-1)) -> 0.090278555 | L5: =_xlfn.AGGREGATE(10,6,INDEX(Crecimiento!$B$2:$L$304,0,ROW()-1)) -> 0.0081502176
A6: FEMSA | B6: {=_xlfn.LET(_xlpm.v,INDEX(report!$B$2:$V$247,0,ROW()-1),_xlfn.XLOOKUP(TRUE,ISNUMBER(_xlpm.v),report!$A$2:$A$247,NA(),0,-1))} -> 46209.041 | C6: {=_xlfn.LET(_xlpm.v,INDEX(report!$B$2:$V$247,0,ROW()-1),_xlfn.XLOOKUP(TRUE,ISNUMBER(_xlpm.v),_xlpm.v,NA(),0,-1))} -> 167 | D6: {=_xlfn.LET(_xlpm.v,INDEX(report!$B$2:$V$247,0,ROW()-1),_xlfn.XLOOKUP(TRUE,ISNUMBER(_xlpm.v),report!$A$2:$A$247,NA(),0,1))} -> 38776.041 | E6: {=_xlfn.LET(_xlpm.v,INDEX(report!$B$2:$V$247,0,ROW()-1),_xlfn.XLOOKUP(TRUE,ISNUMBER(_xlpm.v),_xlpm.v,NA(),0,1))} -> 18.333333 | F6: =E6/C6-1 -> -0.89021956 | G6: =(D6-B6)/365.25 -> -20.350445 | H6: =(E6/C6)^(1/G6)-1 -> 0.11467336 | I6: =(1+H6)^(1/12)-1 -> 0.0090878298 | J6: =_xlfn.AGGREGATE(1,6,INDEX(Crecimiento!$B$2:$L$304,0,ROW()-1)) -> -0.0040563707 | K6: =_xlfn.AGGREGATE(7,6,INDEX(Crecimiento!$B$2:$L$304,0,ROW()-1)) -> 0.09329902 | L6: =_xlfn.AGGREGATE(10,6,INDEX(Crecimiento!$B$2:$L$304,0,ROW()-1)) -> 0.0087047072
A7: 0 | B7: {=_xlfn.LET(_xlpm.v,INDEX(report!$B$2:$V$247,0,ROW()-1),_xlfn.XLOOKUP(TRUE,ISNUMBER(_xlpm.v),report!$A$2:$A$247,NA(),0,-1))} -> 46203.041 | C7: {=_xlfn.LET(_xlpm.v,INDEX(report!$B$2:$V$247,0,ROW()-1),_xlfn.XLOOKUP(TRUE,ISNUMBER(_xlpm.v),_xlpm.v,NA(),0,-1))} -> 0 | D7: {=_xlfn.LET(_xlpm.v,INDEX(report!$B$2:$V$247,0,ROW()-1),_xlfn.XLOOKUP(TRUE,ISNUMBER(_xlpm.v),report!$A$2:$A$247,NA(),0,1))} -> 38807.041 | E7: {=_xlfn.LET(_xlpm.v,INDEX(report!$B$2:$V$247,0,ROW()-1),_xlfn.XLOOKUP(TRUE,ISNUMBER(_xlpm.v),_xlpm.v,NA(),0,1))} -> -0.14545451 | F7: =E7/C7-1 -> #DIV/0! | G7: =(D7-B7)/365.25 -> -20.249144 | H7: =(E7/C7)^(1/G7)-1 -> #DIV/0! | I7: =(1+H7)^(1/12)-1 -> #DIV/0! | J7: =_xlfn.AGGREGATE(1,6,INDEX(Crecimiento!$B$2:$L$304,0,ROW()-1)) -> -0.0016464217 | K7: =_xlfn.AGGREGATE(7,6,INDEX(Crecimiento!$B$2:$L$304,0,ROW()-1)) -> 0.13902314 | L7: =_xlfn.AGGREGATE(10,6,INDEX(Crecimiento!$B$2:$L$304,0,ROW()-1)) -> 0.019327433
A8: GRUPO AEROPORTUARIO | B8: {=_xlfn.LET(_xlpm.v,INDEX(report!$B$2:$V$247,0,ROW()-1),_xlfn.XLOOKUP(TRUE,ISNUMBER(_xlpm.v),report!$A$2:$A$247,NA(),0,-1))} -> 46209.041 | C8: {=_xlfn.LET(_xlpm.v,INDEX(report!$B$2:$V$247,0,ROW()-1),_xlfn.XLOOKUP(TRUE,ISNUMBER(_xlpm.v),_xlpm.v,NA(),0,-1))} -> 441.9 | D8: {=_xlfn.LET(_xlpm.v,INDEX(report!$B$2:$V$247,0,ROW()-1),_xlfn.XLOOKUP(TRUE,ISNUMBER(_xlpm.v),report!$A$2:$A$247,NA(),0,1))} -> 38776.041 | E8: {=_xlfn.LET(_xlpm.v,INDEX(report!$B$2:$V$247,0,ROW()-1),_xlfn.XLOOKUP(TRUE,ISNUMBER(_xlpm.v),_xlpm.v,NA(),0,1))} -> 24.199212 | F8: =E8/C8-1 -> -0.94523826 | G8: =(D8-B8)/365.25 -> -20.350445 | H8: =(E8/C8)^(1/G8)-1 -> 0.15342653 | I8: =(1+H8)^(1/12)-1 -> 0.011965783 | J8: =_xlfn.AGGREGATE(1,6,INDEX(Crecimiento!$B$2:$L$304,0,ROW()-1)) -> -0.0055867218 | K8: =_xlfn.AGGREGATE(7,6,INDEX(Crecimiento!$B$2:$L$304,0,ROW()-1)) -> 0.069379576 | L8: =_xlfn.AGGREGATE(10,6,INDEX(Crecimiento!$B$2:$L$304,0,ROW()-1)) -> 0.0048135256
A9: 0 | B9: {=_xlfn.LET(_xlpm.v,INDEX(report!$B$2:$V$247,0,ROW()-1),_xlfn.XLOOKUP(TRUE,ISNUMBER(_xlpm.v),report!$A$2:$A$247,NA(),0,-1))} -> 46203.041 | C9: {=_xlfn.LET(_xlpm.v,INDEX(report!$B$2:$V$247,0,ROW()-1),_xlfn.XLOOKUP(TRUE,ISNUMBER(_xlpm.v),_xlpm.v,NA(),0,-1))} -> 0.083121082 | D9: {=_xlfn.LET(_xlpm.v,INDEX(report!$B$2:$V$247,0,ROW()-1),_xlfn.XLOOKUP(TRUE,ISNUMBER(_xlpm.v),report!$A$2:$A$247,NA(),0,1))} -> 38807.041 | E9: {=_xlfn.LET(_xlpm.v,INDEX(report!$B$2:$V$247,0,ROW()-1),_xlfn.XLOOKUP(TRUE,ISNUMBER(_xlpm.v),_xlpm.v,NA(),0,1))} -> 0.15717615 | F9: =E9/C9-1 -> 0.89093005 | G9: =(D9-B9)/365.25 -> -20.249144 | H9: =(E9/C9)^(1/G9)-1 -> -0.030971753 | I9: =(1+H9)^(1/12)-1 -> -0.0026183592 | J9: =_xlfn.AGGREGATE(1,6,INDEX(Crecimiento!$B$2:$L$304,0,ROW()-1)) -> -0.0035029503 | K9: =_xlfn.AGGREGATE(7,6,INDEX(Crecimiento!$B$2:$L$304,0,ROW()-1)) -> 0.059266435 | L9: =_xlfn.AGGREGATE(10,6,INDEX(Crecimiento!$B$2:$L$304,0,ROW()-1)) -> 0.0035125103
A10: BANORTE | B10: {=_xlfn.LET(_xlpm.v,INDEX(report!$B$2:$V$247,0,ROW()-1),_xlfn.XLOOKUP(TRUE,ISNUMBER(_xlpm.v),report!$A$2:$A$247,NA(),0,-1))} -> 46209.041 | C10: {=_xlfn.LET(_xlpm.v,INDEX(report!$B$2:$V$247,0,ROW()-1),_xlfn.XLOOKUP(TRUE,ISNUMBER(_xlpm.v),_xlpm.v,NA(),0,-1))} -> 188.41 | D10: {=_xlfn.LET(_xlpm.v,INDEX(report!$B$2:$V$247,0,ROW()-1),_xlfn.XLOOKUP(TRUE,ISNUMBER(_xlpm.v),report!$A$2:$A$247,NA(),0,1))} -> 38776.041 | E10: {=_xlfn.LET(_xlpm.v,INDEX(report!$B$2:$V$247,0,ROW()-1),_xlfn.XLOOKUP(TRUE,ISNUMBER(_xlpm.v),_xlpm.v,NA(),0,1))} -> 25.61 | F10: =E10/C10-1 -> -0.86407303 | G10: =(D10-B10)/365.25 -> -20.350445 | H10: =(E10/C10)^(1/G10)-1 -> 0.10303292 | I10: =(1+H10)^(1/12)-1 -> 0.0082054469 | J10: =_xlfn.AGGREGATE(1,6,INDEX(Crecimiento!$B$2:$L$304,0,ROW()-1)) -> -0.002256846 | K10: =_xlfn.AGGREGATE(7,6,INDEX(Crecimiento!$B$2:$L$304,0,ROW()-1)) -> 0.12560339 | L10: =_xlfn.AGGREGATE(10,6,INDEX(Crecimiento!$B$2:$L$304,0,ROW()-1)) -> 0.015776213
A11: 0 | B11: {=_xlfn.LET(_xlpm.v,INDEX(report!$B$2:$V$247,0,ROW()-1),_xlfn.XLOOKUP(TRUE,ISNUMBER(_xlpm.v),report!$A$2:$A$247,NA(),0,-1))} -> 46203.041 | C11: {=_xlfn.LET(_xlpm.v,INDEX(report!$B$2:$V$247,0,ROW()-1),_xlfn.XLOOKUP(TRUE,ISNUMBER(_xlpm.v),_xlpm.v,NA(),0,-1))} -> 0.020908236 | D11: {=_xlfn.LET(_xlpm.v,INDEX(report!$B$2:$V$247,0,ROW()-1),_xlfn.XLOOKUP(TRUE,ISNUMBER(_xlpm.v),report!$A$2:$A$247,NA(),0,1))} -> 38807.041 | E11: {=_xlfn.LET(_xlpm.v,INDEX(report!$B$2:$V$247,0,ROW()-1),_xlfn.XLOOKUP(TRUE,ISNUMBER(_xlpm.v),_xlpm.v,NA(),0,1))} -> 0.010933229 | F11: =E11/C11-1 -> -0.47708505 | G11: =(D11-B11)/365.25 -> -20.249144 | H11: =(E11/C11)^(1/G11)-1 -> 0.032536057 | I11: =(1+H11)^(1/12)-1 -> 0.0026717267 | J11: =_xlfn.AGGREGATE(1,6,INDEX(Crecimiento!$B$2:$L$304,0,ROW()-1)) -> -0.0030102215 | K11: =_xlfn.AGGREGATE(7,6,INDEX(Crecimiento!$B$2:$L$304,0,ROW()-1)) -> 0.060377229 | L11: =_xlfn.AGGREGATE(10,6,INDEX(Crecimiento!$B$2:$L$304,0,ROW()-1)) -> 0.0036454098
A12: GRUMA | B12: {=_xlfn.LET(_xlpm.v,INDEX(report!$B$2:$V$247,0,ROW()-1),_xlfn.XLOOKUP(TRUE,ISNUMBER(_xlpm.v),report!$A$2:$A$247,NA(),0,-1))} -> 46209.041 | C12: {=_xlfn.LET(_xlpm.v,INDEX(report!$B$2:$V$247,0,ROW()-1),_xlfn.XLOOKUP(TRUE,ISNUMBER(_xlpm.v),_xlpm.v,NA(),0,-1))} -> 283.23 | D12: {=_xlfn.LET(_xlpm.v,INDEX(report!$B$2:$V$247,0,ROW()-1),_xlfn.XLOOKUP(TRUE,ISNUMBER(_xlpm.v),report!$A$2:$A$247,NA(),0,1))} -> 38776.041 | E12: {=_xlfn.LET(_xlpm.v,INDEX(report!$B$2:$V$247,0,ROW()-1),_xlfn.XLOOKUP(TRUE,ISNUMBER(_xlpm.v),_xlpm.v,NA(),0,1))} -> 33.23 | F12: =E12/C12-1 -> -0.88267486 | G12: =(D12-B12)/365.25 -> -20.350445 | H12: =(E12/C12)^(1/G12)-1 -> 0.11103865 | I12: =(1+H12)^(1/12)-1 -> 0.0088132181 | J12: =_xlfn.AGGREGATE(1,6,INDEX(Crecimiento!$B$2:$L$304,0,ROW()-1)) -> -0.00059841842 | K12: =_xlfn.AGGREGATE(7,6,INDEX(Crecimiento!$B$2:$L$304,0,ROW()-1)) -> 0.010952183 | L12: =_xlfn.AGGREGATE(10,6,INDEX(Crecimiento!$B$2:$L$304,0,ROW()-1)) -> 0.00011995031
A13: 0
A14: HERDEZ
A15: 0
A16: KIMBERLY CLARK
A17: 0
A18: PEÑOLES
A19: 0
A20: WALMART
A21: 0
A22: IPC
